method,target_sparsity,actual_sparsity,seed,memorized,grokked,memorization_step,grokking_step,grokking_gap,final_train_acc,final_val_acc,last_logged_step,live_confirmation_step,evals_from_live_confirmation,stopped_before_budget,weight_decay,n_grok_steps,summary_source,history_source
imp,0.0,0.0,0,True,True,150,980,830,1.0,1.0,40000,985,1564,False,1.0,40000,res/raw/exp_b_sp_00_20_50.zip!exp_b/imp/sp_0.00/seed_0/grok_phase/summary.json,res/raw/exp_b_sp_00_20_50.zip!exp_b/imp/sp_0.00/seed_0/grok_phase/history.json
imp,0.0,0.0,1,True,True,150,935,785,1.0,1.0,40000,940,1573,False,1.0,40000,res/raw/exp_b_sp_00_20_50.zip!exp_b/imp/sp_0.00/seed_1/grok_phase/summary.json,res/raw/exp_b_sp_00_20_50.zip!exp_b/imp/sp_0.00/seed_1/grok_phase/history.json
imp,0.0,0.0,2,True,True,145,965,820,1.0,1.0,40000,970,1567,False,1.0,40000,res/raw/exp_b_sp_00_20_50.zip!exp_b/imp/sp_0.00/seed_2/grok_phase/summary.json,res/raw/exp_b_sp_00_20_50.zip!exp_b/imp/sp_0.00/seed_2/grok_phase/history.json
imp,0.0,0.0,3,True,True,175,690,515,1.0,1.0,40000,695,1622,False,1.0,40000,res/raw/exp_b_sp_00_20_50.zip!exp_b/imp/sp_0.00/seed_3/grok_phase/summary.json,res/raw/exp_b_sp_00_20_50.zip!exp_b/imp/sp_0.00/seed_3/grok_phase/history.json
imp,0.0,0.0,4,True,True,140,470,330,1.0,1.0,40000,475,1666,False,1.0,40000,res/raw/exp_b_sp_00_20_50.zip!exp_b/imp/sp_0.00/seed_4/grok_phase/summary.json,res/raw/exp_b_sp_00_20_50.zip!exp_b/imp/sp_0.00/seed_4/grok_phase/history.json
imp,0.2,0.20000095682792407,0,True,True,4775,6500,1725,0.9987244897959183,0.9753453772582359,19000,6525,500,True,1.0,40000,res/raw/exp_b_sp_00_20_50.zip!exp_b/imp/sp_0.20/seed_0/grok_phase/summary.json,res/raw/exp_b_sp_00_20_50.zip!exp_b/imp/sp_0.20/seed_0/grok_phase/history.json
imp,0.2,0.20000095682792407,1,True,True,185,485,300,1.0,1.0,10925,490,500,True,1.0,40000,res/raw/exp_b_sp_00_20_50.zip!exp_b/imp/sp_0.20/seed_1/grok_phase/summary.json,res/raw/exp_b_sp_00_20_50.zip!exp_b/imp/sp_0.20/seed_1/grok_phase/history.json
imp,0.2,0.20000095682792407,2,True,True,145,835,690,0.9953231292517006,0.9887353878852285,12675,840,500,True,1.0,40000,res/raw/exp_b_sp_00_20_50.zip!exp_b/imp/sp_0.20/seed_2/grok_phase/summary.json,res/raw/exp_b_sp_00_20_50.zip!exp_b/imp/sp_0.20/seed_2/grok_phase/history.json
imp,0.2,0.20000095682792407,3,True,True,2650,2650,0,1.0,0.9959617428267801,15150,2675,500,True,1.0,40000,res/raw/exp_b_sp_00_20_50.zip!exp_b/imp/sp_0.20/seed_3/grok_phase/summary.json,res/raw/exp_b_sp_00_20_50.zip!exp_b/imp/sp_0.20/seed_3/grok_phase/history.json
imp,0.2,0.20000095682792407,4,True,True,230,325,95,1.0,0.9985122210414453,10125,330,500,True,1.0,40000,res/raw/exp_b_sp_00_20_50.zip!exp_b/imp/sp_0.20/seed_4/grok_phase/summary.json,res/raw/exp_b_sp_00_20_50.zip!exp_b/imp/sp_0.20/seed_4/grok_phase/history.json
imp,0.5,0.5,0,True,True,23125,25150,2025,0.9681122448979592,0.9415515409139213,37650,25175,500,True,1.0,40000,res/raw/exp_b_sp_00_20_50.zip!exp_b/imp/sp_0.50/seed_0/grok_phase/summary.json,res/raw/exp_b_sp_00_20_50.zip!exp_b/imp/sp_0.50/seed_0/grok_phase/history.json
imp,0.5,0.5,1,True,True,29675,33025,3350,0.9759778911564626,0.9517534537725824,40000,33050,279,False,1.0,40000,res/raw/exp_b_sp_00_20_50.zip!exp_b/imp/sp_0.50/seed_1/grok_phase/summary.json,res/raw/exp_b_sp_00_20_50.zip!exp_b/imp/sp_0.50/seed_1/grok_phase/history.json
imp,0.5,0.5,2,True,True,25775,29275,3500,0.9755527210884354,0.9496280552603613,40000,29300,429,False,1.0,40000,res/raw/exp_b_sp_00_20_50.zip!exp_b/imp/sp_0.50/seed_2/grok_phase/summary.json,res/raw/exp_b_sp_00_20_50.zip!exp_b/imp/sp_0.50/seed_2/grok_phase/history.json
imp,0.5,0.5,3,True,True,24850,26125,1275,0.9727891156462585,0.953028692879915,38625,26150,500,True,1.0,40000,res/raw/exp_b_sp_00_20_50.zip!exp_b/imp/sp_0.50/seed_3/grok_phase/summary.json,res/raw/exp_b_sp_00_20_50.zip!exp_b/imp/sp_0.50/seed_3/grok_phase/history.json
imp,0.5,0.5,4,True,True,35175,37500,2325,0.967687074829932,0.9411264612114771,40000,37525,100,False,1.0,40000,res/raw/exp_b_sp_00_20_50.zip!exp_b/imp/sp_0.50/seed_4/grok_phase/summary.json,res/raw/exp_b_sp_00_20_50.zip!exp_b/imp/sp_0.50/seed_4/grok_phase/history.json
imp,0.7,0.7000009568279241,0,True,True,16875,19450,2575,0.9564200680272109,0.9281615302869288,31950,19475,500,True,1.0,40000,res/raw/exp_b_sp_70_80.zip!exp_b/imp/sp_0.70/seed_0/grok_phase/summary.json,res/raw/exp_b_sp_70_80.zip!exp_b/imp/sp_0.70/seed_0/grok_phase/history.json
imp,0.7,0.7000009568279241,1,True,True,31975,34625,2650,0.9619472789115646,0.9379383634431456,40000,34650,215,False,1.0,40000,res/raw/exp_b_sp_70_80.zip!exp_b/imp/sp_0.70/seed_1/grok_phase/summary.json,res/raw/exp_b_sp_70_80.zip!exp_b/imp/sp_0.70/seed_1/grok_phase/history.json
imp,0.7,0.7000009568279241,2,True,False,10850,,,0.9357993197278912,0.8722635494155154,40000,,,False,1.0,40000,res/raw/exp_b_sp_70_80.zip!exp_b/imp/sp_0.70/seed_2/grok_phase/summary.json,res/raw/exp_b_sp_70_80.zip!exp_b/imp/sp_0.70/seed_2/grok_phase/history.json
imp,0.7,0.7000009568279241,3,True,True,36200,39375,3175,0.9392006802721088,0.9260361317747078,40000,39400,25,False,1.0,40000,res/raw/exp_b_sp_70_80.zip!exp_b/imp/sp_0.70/seed_3/grok_phase/summary.json,res/raw/exp_b_sp_70_80.zip!exp_b/imp/sp_0.70/seed_3/grok_phase/history.json
imp,0.7,0.7000009568279241,4,False,False,,,,0.8531037414965986,0.8153028692879914,40000,,,False,1.0,40000,res/raw/exp_b_sp_70_80.zip!exp_b/imp/sp_0.70/seed_4/grok_phase/summary.json,res/raw/exp_b_sp_70_80.zip!exp_b/imp/sp_0.70/seed_4/grok_phase/history.json
imp,0.8,0.8000038273116963,0,True,True,280,415,135,0.9264455782312925,0.900106269925611,10575,420,500,True,1.0,40000,res/raw/exp_b_sp_70_80.zip!exp_b/imp/sp_0.80/seed_0/grok_phase/summary.json,res/raw/exp_b_sp_70_80.zip!exp_b/imp/sp_0.80/seed_0/grok_phase/history.json
imp,0.8,0.8000038273116963,1,True,True,410,31725,31315,0.9606717687074829,0.9287991498405951,40000,31750,331,False,1.0,40000,res/raw/exp_b_sp_70_80.zip!exp_b/imp/sp_0.80/seed_1/grok_phase/summary.json,res/raw/exp_b_sp_70_80.zip!exp_b/imp/sp_0.80/seed_1/grok_phase/history.json
imp,0.8,0.8000038273116963,2,True,False,355,,,0.9744897959183674,0.9217853347502657,40000,,,False,1.0,40000,res/raw/exp_b_sp_70_80.zip!exp_b/imp/sp_0.80/seed_2/grok_phase/summary.json,res/raw/exp_b_sp_70_80.zip!exp_b/imp/sp_0.80/seed_2/grok_phase/history.json
imp,0.8,0.8000038273116963,3,True,True,295,350,55,0.9049744897959183,0.8822529224229543,10250,355,500,True,1.0,40000,res/raw/exp_b_sp_70_80.zip!exp_b/imp/sp_0.80/seed_3/grok_phase/summary.json,res/raw/exp_b_sp_70_80.zip!exp_b/imp/sp_0.80/seed_3/grok_phase/history.json
imp,0.8,0.8000038273116963,4,True,True,350,730,380,0.8784013605442177,0.8442082890541976,12150,735,500,True,1.0,40000,res/raw/exp_b_sp_70_80.zip!exp_b/imp/sp_0.80/seed_4/grok_phase/summary.json,res/raw/exp_b_sp_70_80.zip!exp_b/imp/sp_0.80/seed_4/grok_phase/history.json
imp,0.9,0.9000019136558481,0,True,True,13275,34925,21650,0.9846938775510204,0.9464399574920298,40000,34950,203,False,1.0,40000,res/raw/exp_b_sp_90_95.zip!exp_b/imp/sp_0.90/seed_0/grok_phase/summary.json,res/raw/exp_b_sp_90_95.zip!exp_b/imp/sp_0.90/seed_0/grok_phase/history.json
imp,0.9,0.9000019136558481,1,True,False,535,,,0.8888180272108843,0.8278427205100957,40000,,,False,1.0,40000,res/raw/exp_b_sp_90_95.zip!exp_b/imp/sp_0.90/seed_1/grok_phase/summary.json,res/raw/exp_b_sp_90_95.zip!exp_b/imp/sp_0.90/seed_1/grok_phase/history.json
imp,0.9,0.9000019136558481,2,True,False,20125,,,0.9793792517006803,0.934750265674814,40000,,,False,1.0,40000,res/raw/exp_b_sp_90_95.zip!exp_b/imp/sp_0.90/seed_2/grok_phase/summary.json,res/raw/exp_b_sp_90_95.zip!exp_b/imp/sp_0.90/seed_2/grok_phase/history.json
imp,0.9,0.9000019136558481,3,True,False,24325,,,0.9659863945578231,0.9304994686503719,40000,,,False,1.0,40000,res/raw/exp_b_sp_90_95.zip!exp_b/imp/sp_0.90/seed_3/grok_phase/summary.json,res/raw/exp_b_sp_90_95.zip!exp_b/imp/sp_0.90/seed_3/grok_phase/history.json
imp,0.9,0.9000019136558481,4,True,False,15925,,,0.98171768707483,0.936663124335813,40000,,,False,1.0,40000,res/raw/exp_b_sp_90_95.zip!exp_b/imp/sp_0.90/seed_4/grok_phase/summary.json,res/raw/exp_b_sp_90_95.zip!exp_b/imp/sp_0.90/seed_4/grok_phase/history.json
imp,0.95,0.9500009568279241,0,False,False,,,,0.7531887755102041,0.6320935175345377,40000,,,False,1.0,40000,res/raw/exp_b_sp_90_95.zip!exp_b/imp/sp_0.95/seed_0/grok_phase/summary.json,res/raw/exp_b_sp_90_95.zip!exp_b/imp/sp_0.95/seed_0/grok_phase/history.json
imp,0.95,0.9500009568279241,1,False,False,,,,0.7045068027210885,0.5921360255047822,40000,,,False,1.0,40000,res/raw/exp_b_sp_90_95.zip!exp_b/imp/sp_0.95/seed_1/grok_phase/summary.json,res/raw/exp_b_sp_90_95.zip!exp_b/imp/sp_0.95/seed_1/grok_phase/history.json
imp,0.95,0.9500009568279241,2,False,False,,,,0.7363945578231292,0.6480340063761956,40000,,,False,1.0,40000,res/raw/exp_b_sp_90_95.zip!exp_b/imp/sp_0.95/seed_2/grok_phase/summary.json,res/raw/exp_b_sp_90_95.zip!exp_b/imp/sp_0.95/seed_2/grok_phase/history.json
imp,0.95,0.9500009568279241,3,False,False,,,,0.70046768707483,0.6335812964930925,40000,,,False,1.0,40000,res/raw/exp_b_sp_90_95.zip!exp_b/imp/sp_0.95/seed_3/grok_phase/summary.json,res/raw/exp_b_sp_90_95.zip!exp_b/imp/sp_0.95/seed_3/grok_phase/history.json
imp,0.95,0.9500009568279241,4,False,False,,,,0.6203231292517006,0.5052072263549415,40000,,,False,1.0,40000,res/raw/exp_b_sp_90_95.zip!exp_b/imp/sp_0.95/seed_4/grok_phase/summary.json,res/raw/exp_b_sp_90_95.zip!exp_b/imp/sp_0.95/seed_4/grok_phase/history.json
one_shot,0.0,0.0,0,True,True,150,980,830,1.0,1.0,40000,985,1564,False,1.0,40000,res/raw/exp_b_sp_00_20_50.zip!exp_b/one_shot/sp_0.00/seed_0/grok_phase/summary.json,res/raw/exp_b_sp_00_20_50.zip!exp_b/one_shot/sp_0.00/seed_0/grok_phase/history.json
one_shot,0.0,0.0,1,True,True,150,935,785,1.0,1.0,40000,940,1573,False,1.0,40000,res/raw/exp_b_sp_00_20_50.zip!exp_b/one_shot/sp_0.00/seed_1/grok_phase/summary.json,res/raw/exp_b_sp_00_20_50.zip!exp_b/one_shot/sp_0.00/seed_1/grok_phase/history.json
one_shot,0.0,0.0,2,True,True,145,965,820,1.0,1.0,40000,970,1567,False,1.0,40000,res/raw/exp_b_sp_00_20_50.zip!exp_b/one_shot/sp_0.00/seed_2/grok_phase/summary.json,res/raw/exp_b_sp_00_20_50.zip!exp_b/one_shot/sp_0.00/seed_2/grok_phase/history.json
one_shot,0.0,0.0,3,True,True,175,690,515,1.0,1.0,40000,695,1622,False,1.0,40000,res/raw/exp_b_sp_00_20_50.zip!exp_b/one_shot/sp_0.00/seed_3/grok_phase/summary.json,res/raw/exp_b_sp_00_20_50.zip!exp_b/one_shot/sp_0.00/seed_3/grok_phase/history.json
one_shot,0.0,0.0,4,True,True,140,470,330,1.0,1.0,40000,475,1666,False,1.0,40000,res/raw/exp_b_sp_00_20_50.zip!exp_b/one_shot/sp_0.00/seed_4/grok_phase/summary.json,res/raw/exp_b_sp_00_20_50.zip!exp_b/one_shot/sp_0.00/seed_4/grok_phase/history.json
one_shot,0.2,0.20000095682792407,0,True,True,3325,3700,375,1.0,0.9963868225292243,16200,3725,500,True,1.0,40000,res/raw/exp_b_sp_00_20_50.zip!exp_b/one_shot/sp_0.20/seed_0/grok_phase/summary.json,res/raw/exp_b_sp_00_20_50.zip!exp_b/one_shot/sp_0.20/seed_0/grok_phase/history.json
one_shot,0.2,0.20000095682792407,1,True,True,145,270,125,1.0,1.0,9850,275,500,True,1.0,40000,res/raw/exp_b_sp_00_20_50.zip!exp_b/one_shot/sp_0.20/seed_1/grok_phase/summary.json,res/raw/exp_b_sp_00_20_50.zip!exp_b/one_shot/sp_0.20/seed_1/grok_phase/history.json
one_shot,0.2,0.20000095682792407,2,True,True,140,380,240,1.0,1.0,10400,385,500,True,1.0,40000,res/raw/exp_b_sp_00_20_50.zip!exp_b/one_shot/sp_0.20/seed_2/grok_phase/summary.json,res/raw/exp_b_sp_00_20_50.zip!exp_b/one_shot/sp_0.20/seed_2/grok_phase/history.json
one_shot,0.2,0.20000095682792407,3,True,True,4350,5775,1425,0.9931972789115646,0.9555791710945802,18275,5800,500,True,1.0,40000,res/raw/exp_b_sp_00_20_50.zip!exp_b/one_shot/sp_0.20/seed_3/grok_phase/summary.json,res/raw/exp_b_sp_00_20_50.zip!exp_b/one_shot/sp_0.20/seed_3/grok_phase/history.json
one_shot,0.2,0.20000095682792407,4,True,True,210,325,115,1.0,0.9985122210414453,10125,330,500,True,1.0,40000,res/raw/exp_b_sp_00_20_50.zip!exp_b/one_shot/sp_0.20/seed_4/grok_phase/summary.json,res/raw/exp_b_sp_00_20_50.zip!exp_b/one_shot/sp_0.20/seed_4/grok_phase/history.json
one_shot,0.5,0.5,0,False,False,,,,0.9228316326530612,0.8784272051009564,40000,,,False,1.0,40000,res/raw/exp_b_sp_00_20_50.zip!exp_b/one_shot/sp_0.50/seed_0/grok_phase/summary.json,res/raw/exp_b_sp_00_20_50.zip!exp_b/one_shot/sp_0.50/seed_0/grok_phase/history.json
one_shot,0.5,0.5,1,True,True,5350,8100,2750,1.0,0.9987247608926674,20600,8125,500,True,1.0,40000,res/raw/exp_b_sp_00_20_50.zip!exp_b/one_shot/sp_0.50/seed_1/grok_phase/summary.json,res/raw/exp_b_sp_00_20_50.zip!exp_b/one_shot/sp_0.50/seed_1/grok_phase/history.json
one_shot,0.5,0.5,2,True,True,125,190,65,1.0,0.9970244420828905,9450,195,500,True,1.0,40000,res/raw/exp_b_sp_00_20_50.zip!exp_b/one_shot/sp_0.50/seed_2/grok_phase/summary.json,res/raw/exp_b_sp_00_20_50.zip!exp_b/one_shot/sp_0.50/seed_2/grok_phase/history.json
one_shot,0.5,0.5,3,True,True,125,140,15,1.0,1.0,9200,145,500,True,1.0,40000,res/raw/exp_b_sp_00_20_50.zip!exp_b/one_shot/sp_0.50/seed_3/grok_phase/summary.json,res/raw/exp_b_sp_00_20_50.zip!exp_b/one_shot/sp_0.50/seed_3/grok_phase/history.json
one_shot,0.5,0.5,4,True,True,1800,2025,225,1.0,1.0,14525,2050,500,True,1.0,40000,res/raw/exp_b_sp_00_20_50.zip!exp_b/one_shot/sp_0.50/seed_4/grok_phase/summary.json,res/raw/exp_b_sp_00_20_50.zip!exp_b/one_shot/sp_0.50/seed_4/grok_phase/history.json
one_shot,0.7,0.7000009568279241,0,True,True,985,1100,115,1.0,0.997874601487779,13600,1125,500,True,1.0,40000,res/raw/exp_b_sp_70_80.zip!exp_b/one_shot/sp_0.70/seed_0/grok_phase/summary.json,res/raw/exp_b_sp_70_80.zip!exp_b/one_shot/sp_0.70/seed_0/grok_phase/history.json
one_shot,0.7,0.7000009568279241,1,True,True,6975,19175,12200,0.9991496598639455,0.9528161530286928,31675,19200,500,True,1.0,40000,res/raw/exp_b_sp_70_80.zip!exp_b/one_shot/sp_0.70/seed_1/grok_phase/summary.json,res/raw/exp_b_sp_70_80.zip!exp_b/one_shot/sp_0.70/seed_1/grok_phase/history.json
one_shot,0.7,0.7000009568279241,2,True,True,220,275,55,1.0,1.0,9875,280,500,True,1.0,40000,res/raw/exp_b_sp_70_80.zip!exp_b/one_shot/sp_0.70/seed_2/grok_phase/summary.json,res/raw/exp_b_sp_70_80.zip!exp_b/one_shot/sp_0.70/seed_2/grok_phase/history.json
one_shot,0.7,0.7000009568279241,3,False,False,,,,0.9400510204081632,0.9022316684378321,40000,,,False,1.0,40000,res/raw/exp_b_sp_70_80.zip!exp_b/one_shot/sp_0.70/seed_3/grok_phase/summary.json,res/raw/exp_b_sp_70_80.zip!exp_b/one_shot/sp_0.70/seed_3/grok_phase/history.json
one_shot,0.7,0.7000009568279241,4,True,True,135,155,20,1.0,1.0,9275,160,500,True,1.0,40000,res/raw/exp_b_sp_70_80.zip!exp_b/one_shot/sp_0.70/seed_4/grok_phase/summary.json,res/raw/exp_b_sp_70_80.zip!exp_b/one_shot/sp_0.70/seed_4/grok_phase/history.json
one_shot,0.8,0.8000038273116963,0,True,True,185,220,35,1.0,0.9993623804463337,9600,225,500,True,1.0,40000,res/raw/exp_b_sp_70_80.zip!exp_b/one_shot/sp_0.80/seed_0/grok_phase/summary.json,res/raw/exp_b_sp_70_80.zip!exp_b/one_shot/sp_0.80/seed_0/grok_phase/history.json
one_shot,0.8,0.8000038273116963,1,True,True,1025,1475,450,1.0,1.0,13975,1500,500,True,1.0,40000,res/raw/exp_b_sp_70_80.zip!exp_b/one_shot/sp_0.80/seed_1/grok_phase/summary.json,res/raw/exp_b_sp_70_80.zip!exp_b/one_shot/sp_0.80/seed_1/grok_phase/history.json
one_shot,0.8,0.8000038273116963,2,True,True,935,1125,190,1.0,0.99192348565356,13625,1150,500,True,1.0,40000,res/raw/exp_b_sp_70_80.zip!exp_b/one_shot/sp_0.80/seed_2/grok_phase/summary.json,res/raw/exp_b_sp_70_80.zip!exp_b/one_shot/sp_0.80/seed_2/grok_phase/history.json
one_shot,0.8,0.8000038273116963,3,False,False,,,,0.8601190476190477,0.8174282678002125,40000,,,False,1.0,40000,res/raw/exp_b_sp_70_80.zip!exp_b/one_shot/sp_0.80/seed_3/grok_phase/summary.json,res/raw/exp_b_sp_70_80.zip!exp_b/one_shot/sp_0.80/seed_3/grok_phase/history.json
one_shot,0.8,0.8000038273116963,4,True,True,145,155,10,1.0,0.999787460148778,9275,160,500,True,1.0,40000,res/raw/exp_b_sp_70_80.zip!exp_b/one_shot/sp_0.80/seed_4/grok_phase/summary.json,res/raw/exp_b_sp_70_80.zip!exp_b/one_shot/sp_0.80/seed_4/grok_phase/history.json
one_shot,0.9,0.9000019136558481,0,True,False,620,,,1.0,0.9005313496280553,40000,,,False,1.0,40000,res/raw/exp_b_sp_90_95.zip!exp_b/one_shot/sp_0.90/seed_0/grok_phase/summary.json,res/raw/exp_b_sp_90_95.zip!exp_b/one_shot/sp_0.90/seed_0/grok_phase/history.json
one_shot,0.9,0.9000019136558481,1,True,True,350,560,210,1.0,1.0,11300,565,500,True,1.0,40000,res/raw/exp_b_sp_90_95.zip!exp_b/one_shot/sp_0.90/seed_1/grok_phase/summary.json,res/raw/exp_b_sp_90_95.zip!exp_b/one_shot/sp_0.90/seed_1/grok_phase/history.json
one_shot,0.9,0.9000019136558481,2,True,True,900,13375,12475,1.0,0.9738575982996812,25875,13400,500,True,1.0,40000,res/raw/exp_b_sp_90_95.zip!exp_b/one_shot/sp_0.90/seed_2/grok_phase/summary.json,res/raw/exp_b_sp_90_95.zip!exp_b/one_shot/sp_0.90/seed_2/grok_phase/history.json
one_shot,0.9,0.9000019136558481,3,False,False,,,,0.9071003401360545,0.8112646121147715,40000,,,False,1.0,40000,res/raw/exp_b_sp_90_95.zip!exp_b/one_shot/sp_0.90/seed_3/grok_phase/summary.json,res/raw/exp_b_sp_90_95.zip!exp_b/one_shot/sp_0.90/seed_3/grok_phase/history.json
one_shot,0.9,0.9000019136558481,4,True,True,310,370,60,1.0,1.0,10350,375,500,True,1.0,40000,res/raw/exp_b_sp_90_95.zip!exp_b/one_shot/sp_0.90/seed_4/grok_phase/summary.json,res/raw/exp_b_sp_90_95.zip!exp_b/one_shot/sp_0.90/seed_4/grok_phase/history.json
one_shot,0.95,0.9500009568279241,0,False,False,,,,0.8514030612244898,0.5732199787460148,40000,,,False,1.0,40000,res/raw/exp_b_sp_90_95.zip!exp_b/one_shot/sp_0.95/seed_0/grok_phase/summary.json,res/raw/exp_b_sp_90_95.zip!exp_b/one_shot/sp_0.95/seed_0/grok_phase/history.json
one_shot,0.95,0.9500009568279241,1,True,True,805,1975,1170,1.0,0.9946865037194474,14475,2000,500,True,1.0,40000,res/raw/exp_b_sp_90_95.zip!exp_b/one_shot/sp_0.95/seed_1/grok_phase/summary.json,res/raw/exp_b_sp_90_95.zip!exp_b/one_shot/sp_0.95/seed_1/grok_phase/history.json
one_shot,0.95,0.9500009568279241,2,True,False,680,,,1.0,0.8841657810839533,40000,,,False,1.0,40000,res/raw/exp_b_sp_90_95.zip!exp_b/one_shot/sp_0.95/seed_2/grok_phase/summary.json,res/raw/exp_b_sp_90_95.zip!exp_b/one_shot/sp_0.95/seed_2/grok_phase/history.json
one_shot,0.95,0.9500009568279241,3,False,False,,,,0.5697278911564626,0.2157279489904357,40000,,,False,1.0,40000,res/raw/exp_b_sp_90_95.zip!exp_b/one_shot/sp_0.95/seed_3/grok_phase/summary.json,res/raw/exp_b_sp_90_95.zip!exp_b/one_shot/sp_0.95/seed_3/grok_phase/history.json
one_shot,0.95,0.9500009568279241,4,True,False,3675,,,1.0,0.8293304994686503,40000,,,False,1.0,40000,res/raw/exp_b_sp_90_95.zip!exp_b/one_shot/sp_0.95/seed_4/grok_phase/summary.json,res/raw/exp_b_sp_90_95.zip!exp_b/one_shot/sp_0.95/seed_4/grok_phase/history.json
