method,target_sparsity,seed,memorized,grokked,memorization_step,grokking_step,grokking_gap,final_train_acc,final_val_acc,phase_input_sparsity,summary_sha256,summary_source,n_rounds,steps_per_round,total_discovery_updates,preserved_round,preserved_history_last_step,preserved_round_max_train_acc,preserved_round_max_val_acc,preserved_round_any_val_at_threshold,intermediate_rounds_preserved
imp,0.2,0,True,False,150,,,1.0,0.565143464399575,0.0,50ca64404515f82ef919aa85f758e5d348643f8119a78dfafaf844e6c072ccbd,res/raw/exp_b_sp_00_20_50.zip!exp_b/imp/sp_0.20/seed_0/imp_phase/summary.json,1,400,400,1,400,1.0,0.565143464399575,False,False
imp,0.2,1,True,False,150,,,1.0,0.5504782146652497,0.0,750b2e714c19da3eca27679b75f6f6c41c28b6195090258cd9089039265b4359,res/raw/exp_b_sp_00_20_50.zip!exp_b/imp/sp_0.20/seed_1/imp_phase/summary.json,1,400,400,1,400,1.0,0.5504782146652497,False,False
imp,0.2,2,True,False,145,,,1.0,0.5311370882040383,0.0,ef71630ae3a979b1cc3becfd6a3c95bf0afc14c88cd282c0d97840e15977ced0,res/raw/exp_b_sp_00_20_50.zip!exp_b/imp/sp_0.20/seed_2/imp_phase/summary.json,1,400,400,1,400,1.0,0.5311370882040383,False,False
imp,0.2,3,True,False,175,,,1.0,0.8565356004250797,0.0,9596d8bc286747b609eccb7d1f9fdd4d85313a9292fbbdd8278e426e1ab8598f,res/raw/exp_b_sp_00_20_50.zip!exp_b/imp/sp_0.20/seed_3/imp_phase/summary.json,1,400,400,1,400,1.0,0.8565356004250797,False,False
imp,0.2,4,True,False,140,,,1.0,0.9069075451647184,0.0,91c7ba44b2d2a95b94c8c208a9022d867b3c07dad7688d1a28bdf1ffd51fc991,res/raw/exp_b_sp_00_20_50.zip!exp_b/imp/sp_0.20/seed_4/imp_phase/summary.json,1,400,400,1,400,1.0,0.9069075451647184,False,False
imp,0.5,0,False,False,,,,0.79421768707483,0.7160467587672689,0.48800137783221065,74c2dd04eeae4ef593679fd014e257a597a9e2c47ef6092bcb9ca82fceb5912d,res/raw/exp_b_sp_00_20_50.zip!exp_b/imp/sp_0.50/seed_0/imp_phase/summary.json,4,400,1600,4,400,0.8014455782312925,0.7160467587672689,False,False
imp,0.5,1,False,False,,,,0.8131377551020408,0.7260361317747077,0.48800137783221065,603845fad53cc06fe8b6a779d42d94df4ff05e51b54c5b5aa9184b64a3729f7e,res/raw/exp_b_sp_00_20_50.zip!exp_b/imp/sp_0.50/seed_1/imp_phase/summary.json,4,400,1600,4,400,0.8263180272108843,0.7443145589798087,False,False
imp,0.5,2,False,False,,,,0.7957057823129252,0.7247608926673751,0.48800137783221065,8455be624e2cb3f0b4c8f849bc116a75025c5b2d27c661cc9ea49e11cea85970,res/raw/exp_b_sp_00_20_50.zip!exp_b/imp/sp_0.50/seed_2/imp_phase/summary.json,4,400,1600,4,400,0.7957057823129252,0.7247608926673751,False,False
imp,0.5,3,False,False,,,,0.8180272108843537,0.7166843783209351,0.48800137783221065,3fec2d987f206df493d26a6ec38d1ff884d619d45e98994957ab260aed52680b,res/raw/exp_b_sp_00_20_50.zip!exp_b/imp/sp_0.50/seed_3/imp_phase/summary.json,4,400,1600,4,400,0.8180272108843537,0.7166843783209351,False,False
imp,0.5,4,False,False,,,,0.7852891156462585,0.6771519659936238,0.48800137783221065,42db9c80d9a95900247772a6e68f4cbb7af3e6b880e25b998f27dca111d3e804,res/raw/exp_b_sp_00_20_50.zip!exp_b/imp/sp_0.50/seed_4/imp_phase/summary.json,4,400,1600,4,400,0.7852891156462585,0.6780021253985122,False,False
imp,0.7,0,False,False,,,,0.8992346938775511,0.8444208289054198,0.6723247091243111,da58f62c34cc269b0153474040d9a21b6f36f847f8f9568364f8890c9b52a96b,res/raw/exp_b_sp_70_80.zip!exp_b/imp/sp_0.70/seed_0/imp_phase/summary.json,6,400,2400,6,400,0.8992346938775511,0.8444208289054198,False,False
imp,0.7,1,False,False,,,,0.8628826530612245,0.7934112646121148,0.6723247091243111,1b8bc30e730554078a6427956362ea36383e69dfd35359457871f39632792881,res/raw/exp_b_sp_70_80.zip!exp_b/imp/sp_0.70/seed_1/imp_phase/summary.json,6,400,2400,6,400,0.8639455782312925,0.7991498405951116,False,False
imp,0.7,2,False,False,,,,0.8616071428571429,0.8085015940488842,0.6723247091243111,d90673aeb48e61435dcf1bd06be585ee7453b09443ccd72b4a3d536997afd783,res/raw/exp_b_sp_70_80.zip!exp_b/imp/sp_0.70/seed_2/imp_phase/summary.json,6,400,2400,6,400,0.8777636054421769,0.8221041445270988,False,False
imp,0.7,3,False,False,,,,0.8414115646258503,0.7817215727948991,0.6723247091243111,84c2dd390828d230c70d5e03364e57891c11886929ac79fa19e549207fe85b6b,res/raw/exp_b_sp_70_80.zip!exp_b/imp/sp_0.70/seed_3/imp_phase/summary.json,6,400,2400,6,400,0.875,0.8197662061636557,False,False
imp,0.7,4,False,False,,,,0.8562925170068028,0.7834218916046759,0.6723247091243111,4c80e25cfa9055d8a1e44b8652aa1e84273eb1e6ada4d56a781a72b545c26630,res/raw/exp_b_sp_70_80.zip!exp_b/imp/sp_0.70/seed_4/imp_phase/summary.json,6,400,2400,6,400,0.8562925170068028,0.7866099893730074,False,False
imp,0.8,0,False,False,,,,0.9183673469387755,0.8941551540913921,0.7902872397428047,43193e095fd45e465cdcbf4f7c2a7065595b5e1fd31015adeb2ec22693c45811,res/raw/exp_b_sp_70_80.zip!exp_b/imp/sp_0.80/seed_0/imp_phase/summary.json,8,400,3200,8,400,0.9183673469387755,0.8941551540913921,False,False
imp,0.8,1,False,False,,,,0.8769132653061225,0.8469713071200851,0.7902872397428047,fe86c733376185be178a9b41cd845fb21ee479e769d351409af5a0457b1e4d99,res/raw/exp_b_sp_70_80.zip!exp_b/imp/sp_0.80/seed_1/imp_phase/summary.json,8,400,3200,8,400,0.8769132653061225,0.8469713071200851,False,False
imp,0.8,2,False,False,,,,0.9207057823129252,0.900106269925611,0.7902872397428047,067723c1fb55426e029fd363a482efc057d8d78b1869e63dc06bf13171ce9f4e,res/raw/exp_b_sp_70_80.zip!exp_b/imp/sp_0.80/seed_2/imp_phase/summary.json,8,400,3200,8,400,0.9207057823129252,0.900106269925611,False,False
imp,0.8,3,False,False,,,,0.8894557823129252,0.8650371944739639,0.7902872397428047,7453910c2f57f3c159f9fa0e81c4501a23bf91ce12b7ae132e67899e98cc5380,res/raw/exp_b_sp_70_80.zip!exp_b/imp/sp_0.80/seed_3/imp_phase/summary.json,8,400,3200,8,400,0.8996598639455783,0.8750265674814027,False,False
imp,0.8,4,False,False,,,,0.9011479591836735,0.8667375132837407,0.7902872397428047,1f35076e2dbb58d895155155b2fa3d05ee3b95e41b84d8f3729d23680b7e3b16,res/raw/exp_b_sp_70_80.zip!exp_b/imp/sp_0.80/seed_4/imp_phase/summary.json,8,400,3200,8,400,0.9139030612244898,0.8854410201912859,False,False
imp,0.9,0,False,False,,,,0.25276360544217685,0.21636556854410202,0.8926295545009185,a4addaf360d2a8298982cd761b9e73023b12cb666a3190c380b7b693a62f364e,res/raw/exp_b_sp_90_95.zip!exp_b/imp/sp_0.90/seed_0/imp_phase/summary.json,11,400,4400,11,400,0.25276360544217685,0.21636556854410202,False,False
imp,0.9,1,False,False,,,,0.5072278911564626,0.4410201912858661,0.8926295545009185,a9eb9c198a6d1bb76cade0d80f5bdc7c74cc51a7beb12f61de5199a5b4bafa7f,res/raw/exp_b_sp_90_95.zip!exp_b/imp/sp_0.90/seed_1/imp_phase/summary.json,11,400,4400,11,400,0.5072278911564626,0.4410201912858661,False,False
imp,0.9,2,False,False,,,,0.3082482993197279,0.25781083953241235,0.8926295545009185,25335d38e3596d50083427b9690a84a73b0d9020037b707cc86482d3e04bb87e,res/raw/exp_b_sp_90_95.zip!exp_b/imp/sp_0.90/seed_2/imp_phase/summary.json,11,400,4400,11,400,0.3082482993197279,0.25781083953241235,False,False
imp,0.9,3,False,False,,,,0.3520408163265306,0.3066950053134963,0.8926295545009185,bc105376e0111ca438d12db77d0a4fb5b0b06a333303ba4ee020ad7a6a223952,res/raw/exp_b_sp_90_95.zip!exp_b/imp/sp_0.90/seed_3/imp_phase/summary.json,11,400,4400,11,400,0.3520408163265306,0.3066950053134963,False,False
imp,0.9,4,False,False,,,,0.30654761904761907,0.24654622741764082,0.8926295545009185,a77431bdbbb95b08536eaab4cce934da6eac8d6c5267d0fd89f419195a96a250,res/raw/exp_b_sp_90_95.zip!exp_b/imp/sp_0.90/seed_4/imp_phase/summary.json,11,400,4400,11,400,0.30654761904761907,0.24654622741764082,False,False
imp,0.95,0,False,False,,,,0.17920918367346939,0.14282678002125399,0.9450254516227802,9d9bd3264275be097f8f6d728fc7dc6545d2eecef65ec7f7cbc42f6c999c4439,res/raw/exp_b_sp_90_95.zip!exp_b/imp/sp_0.95/seed_0/imp_phase/summary.json,14,400,5600,14,400,0.17920918367346939,0.14282678002125399,False,False
imp,0.95,1,False,False,,,,0.1526360544217687,0.10010626992561106,0.9450254516227802,c8d6c03b65c0ce6c1fb8c9bb39e19c5df0b527f4f39e8774c93d57a02bc4ba3a,res/raw/exp_b_sp_90_95.zip!exp_b/imp/sp_0.95/seed_1/imp_phase/summary.json,14,400,5600,14,400,0.1526360544217687,0.10010626992561106,False,False
imp,0.95,2,False,False,,,,0.20174319727891157,0.17513283740701382,0.9450254516227802,9d617cfee1d6b4b97b9e4afb3f4ccd7e9e1388e363c2b0d9446a6b5d23cadd58,res/raw/exp_b_sp_90_95.zip!exp_b/imp/sp_0.95/seed_2/imp_phase/summary.json,14,400,5600,14,400,0.20174319727891157,0.17513283740701382,False,False
imp,0.95,3,False,False,,,,0.16177721088435373,0.12964930924548354,0.9450254516227802,292fa54ba4a1833cb608ee06e2a01918d83aa7b1a3f61d85e46dd075c8acf26c,res/raw/exp_b_sp_90_95.zip!exp_b/imp/sp_0.95/seed_3/imp_phase/summary.json,14,400,5600,14,400,0.16177721088435373,0.12964930924548354,False,False
imp,0.95,4,False,False,,,,0.14944727891156462,0.12157279489904357,0.9450254516227802,bffbce3b83c2e0ee97e65cee2db807cae68fa4ee5c0e353e606d055d6ae07f7e,res/raw/exp_b_sp_90_95.zip!exp_b/imp/sp_0.95/seed_4/imp_phase/summary.json,14,400,5600,14,400,0.14944727891156462,0.12157279489904357,False,False
